Phase,Task,Subtask,Responsible,Start Date,End Date,Status,Notes
Phase 1: Planning and Requirements Gathering,Finalize requirements,,Project Manager,,,,
Phase 1: Planning and Requirements Gathering,Create project documentation,,Project Manager,,,,
Phase 1: Planning and Requirements Gathering,Define milestones and timelines,,Project Manager,,,,
Phase 2: System Design,Design system architecture,,System Architect,,,,
Phase 2: System Design,Create database schema,,Database Admin,,,,
Phase 2: System Design,Design user interface,,UI/UX Designer,,,,
Phase 3: Development,Set up development environment,,Dev Team,,,,
Phase 3: Development,Implement user authentication,Create admin and user accounts,Dev Team,,,,
Phase 3: Development,Implement user authentication,Implement login/logout,Dev Team,,,,
Phase 3: Development,Develop email notification system,Create modular email functionality,Dev Team,,,,
Phase 3: Development,Develop email notification system,Design email templates,Dev Team,,,,
Phase 3: Development,Develop UI for managing overtime offers,Implement input forms,Dev Team,,,,
Phase 3: Development,Develop UI for managing overtime offers,Display offers in calendar view,Dev Team,,,,
Phase 3: Development,Implement employee selection process,Allow shift selection,Dev Team,,,,
Phase 3: Development,Implement employee selection process,Send confirmation emails,Dev Team,,,,
Phase 3: Development,Develop basic logging,Log critical actions,Dev Team,,,,
Phase 4: Testing,Perform unit testing,,QA Team,,,,
Phase 4: Testing,Conduct integration testing,,QA Team,,,,
Phase 4: Testing,Perform user acceptance testing,,QA Team,,,,
Phase 4: Testing,Fix identified bugs,,Dev Team,,,,
Phase 5: Deployment,Set up production environment,,DevOps,,,,
Phase 5: Deployment,Deploy to production server,,DevOps,,,,
Phase 5: Deployment,Perform final testing,,QA Team,,,,
Phase 6: Training and Documentation,Create user manuals,,Tech Writer,,,,
Phase 6: Training and Documentation,Conduct admin training,,Trainer,,,,
Phase 6: Training and Documentation,Provide employee training materials,,Trainer,,,,
Phase 7: Maintenance and Future Enhancements,Monitor application,,Support Team,,,,
Phase 7: Maintenance and Future Enhancements,Plan future updates,,Product Manager,,,,
Phase 7: Maintenance and Future Enhancements,Back up data regularly,,DevOps,,,,
